name,email,role,gender,religion,grade,class_name
Filip Surman,fsurman0@economist.com,admin,Male,Islam,12,A
Melantha Jansie,mjansie1@creativecommons.org,teacher,Female,Christianity,4,A
Pablo Ladbury,pladbury2@themeforest.net,parent,Male,Islam,8,D
Norbie Caldroni,ncaldroni3@umn.edu,parent,Male,Christianity,1,A
Adlai Johann,ajohann4@newyorker.com,parent,Male,Islam,11,C
Stafford Sandom,ssandom5@mtv.com,teacher,Male,Christianity,3,D
Noella Dearnly,ndearnly6@quantcast.com,student,Female,Islam,9,B
Tammy Sneesbie,tsneesbie7@sbwire.com,parent,Female,Islam,1,C
Peyton Wabersich,pwabersich8@vinaora.com,admin,Male,Islam,11,D
Loralee D'Onisi,ldonisi9@abc.net.au,teacher,Female,Islam,6,D
Gabe Pentercost,gpentercosta@163.com,admin,Male,Christianity,11,B
Baryram Peter,bpeterb@surveymonkey.com,teacher,Male,Islam,9,C
Ashbey Tomsett,atomsettc@globo.com,admin,Male,Islam,5,D
Lisle Smidmore,lsmidmored@hud.gov,student,Male,Islam,1,B
Harald Skpsey,hskpseye@ihg.com,parent,Male,Christianity,10,B
Mireielle Ivakin,mivakinf@umich.edu,admin,Female,Christianity,2,C
Devora Hellwich,dhellwichg@home.pl,teacher,Female,Islam,4,A
Wash Slimm,wslimmh@wired.com,admin,Male,Christianity,3,D
Xenia Rosendall,xrosendalli@wix.com,admin,Female,Christianity,3,A
Viva Jowsey,vjowseyj@yahoo.co.jp,admin,Female,Islam,7,A
Kakalina Pfeffle,kpfefflek@nbcnews.com,admin,Female,Christianity,6,D
Felicdad Bullin,fbullinl@bbb.org,admin,Female,Islam,5,C
Alexandro Phalip,aphalipm@cbsnews.com,admin,Male,Islam,10,D
Cristiano O'Sheilds,cosheildsn@prlog.org,teacher,Male,Christianity,9,A
Kim Faye,kfayeo@w3.org,admin,Female,Christianity,1,C
Norene Burdis,nburdisp@china.com.cn,parent,Female,Christianity,1,D
Roy Enefer,reneferq@studiopress.com,admin,Male,Islam,8,B
Rodney Schrinel,rschrinelr@japanpost.jp,student,Male,Islam,1,A
Lammond Shermar,lshermars@paginegialle.it,parent,Male,Islam,2,C
Griffith Ballance,gballancet@ftc.gov,teacher,Male,Christianity,5,A
Sergeant McElrea,smcelreau@pagesperso-orange.fr,parent,Male,Christianity,2,A
Isa Yvens,iyvensv@ed.gov,teacher,Male,Islam,7,B
Tabb Reynolds,treynoldsw@stumbleupon.com,parent,Male,Christianity,12,A
Zelda Albro,zalbrox@blinklist.com,parent,Female,Islam,7,B
Haskel Grebert,hgreberty@scientificamerican.com,parent,Male,Islam,12,B
Arny Stratten,astrattenz@geocities.com,parent,Male,Islam,1,C
Ginevra Tattersall,gtattersall10@360.cn,teacher,Female,Islam,1,D
Dunstan Folkard,dfolkard11@biglobe.ne.jp,student,Male,Christianity,11,B
Brandice Tasker,btasker12@booking.com,student,Female,Christianity,4,D
Eliza Rosson,erosson13@nationalgeographic.com,student,Bigender,Christianity,6,C
Vasilis Nicklen,vnicklen14@google.com.hk,parent,Male,Christianity,7,D
Cathlene Littleproud,clittleproud15@bloglovin.com,student,Female,Christianity,10,D
Simona Broker,sbroker16@state.gov,student,Female,Islam,2,C
Antonina Cridland,acridland17@jugem.jp,student,Non-binary,Christianity,9,D
Kamilah Stroulger,kstroulger18@nih.gov,teacher,Female,Christianity,3,A
Silvain Pagram,spagram19@blogspot.com,admin,Male,Christianity,7,C
Bevan McQuade,bmcquade1a@narod.ru,admin,Male,Islam,10,A
Kermit Chaundy,kchaundy1b@imdb.com,parent,Male,Christianity,8,C
Ulrika Bownas,ubownas1c@state.gov,admin,Female,Islam,9,B
Sharity Muzzini,smuzzini1d@jigsy.com,admin,Female,Islam,1,D
Marylou Rousby,mrousby1e@acquirethisname.com,teacher,Female,Islam,10,D
Asia McKune,amckune1f@psu.edu,admin,Female,Christianity,3,A
Ashely Pascow,apascow1g@nih.gov,admin,Female,Islam,7,C
Micaela De Cristoforo,mde1h@reuters.com,parent,Female,Christianity,1,D
Pinchas McClinton,pmcclinton1i@elpais.com,admin,Male,Islam,4,A
Andromache Rizzi,arizzi1j@usa.gov,parent,Female,Christianity,7,D
Lawrence Rearie,lrearie1k@redcross.org,student,Male,Islam,12,C
Prudi Wivell,pwivell1l@list-manage.com,admin,Female,Islam,6,C
Noach Clothier,nclothier1m@house.gov,parent,Male,Islam,3,C
Maribel Brach,mbrach1n@cnbc.com,student,Female,Christianity,4,C
Theresita Glancy,tglancy1o@alibaba.com,parent,Female,Christianity,11,D
Leola Blasl,lblasl1p@utexas.edu,teacher,Female,Islam,10,B
Chicky Toolan,ctoolan1q@nationalgeographic.com,admin,Agender,Christianity,9,A
Baxy Nevison,bnevison1r@amazonaws.com,parent,Male,Christianity,11,A
Grayce Fraczek,gfraczek1s@earthlink.net,admin,Female,Islam,7,D
Cate Larder,clarder1t@wiley.com,teacher,Female,Christianity,1,C
Perren Owbrick,powbrick1u@g.co,admin,Male,Christianity,10,B
Benson Dowtry,bdowtry1v@bravesites.com,parent,Genderqueer,Islam,10,B
Titus Klein,tklein1w@shutterfly.com,admin,Male,Christianity,4,C
Abby McMillan,amcmillan1x@google.it,student,Male,Christianity,12,A
Ashby Blenkinsop,ablenkinsop1y@tripadvisor.com,parent,Male,Christianity,3,B
Arri Huckabe,ahuckabe1z@google.co.jp,admin,Male,Islam,9,D
Demetre Compfort,dcompfort20@wisc.edu,admin,Male,Islam,5,A
Artemis Daldan,adaldan21@google.co.uk,teacher,Male,Christianity,1,A
Bevon Petric,bpetric22@ihg.com,student,Male,Islam,12,A
Anders Delete,adelete23@google.ca,admin,Male,Islam,7,B
Bernardine Holdall,bholdall24@pen.io,student,Polygender,Islam,5,A
Ellette Ivakhno,eivakhno25@vimeo.com,student,Female,Christianity,12,D
Rubie Belward,rbelward26@ca.gov,teacher,Female,Islam,6,D
Laurette McGoogan,lmcgoogan27@rambler.ru,parent,Female,Islam,11,A
Yanaton Cannavan,ycannavan28@bandcamp.com,admin,Male,Islam,2,C
Averil Zellmer,azellmer29@sina.com.cn,parent,Female,Islam,3,D
Rosa Dinzey,rdinzey2a@blog.com,student,Female,Islam,11,C
Astrix Shrieve,ashrieve2b@weebly.com,admin,Female,Christianity,1,D
Kimble Maltman,kmaltman2c@dell.com,parent,Male,Islam,6,D
Ferd Sheraton,fsheraton2d@vk.com,student,Male,Islam,10,D
Miner Pharoah,mpharoah2e@hugedomains.com,student,Bigender,Christianity,7,A
Chrisse Gaskamp,cgaskamp2f@archive.org,admin,Male,Christianity,9,A
Aloin Barles,abarles2g@macromedia.com,admin,Male,Christianity,11,C
Yelena Tickner,ytickner2h@ehow.com,student,Female,Islam,4,B
Karalee Romanelli,kromanelli2i@sohu.com,teacher,Female,Christianity,12,C
Jay Klampk,jklampk2j@twitter.com,parent,Male,Christianity,6,B
Issiah Gallaher,igallaher2k@ezinearticles.com,teacher,Male,Islam,7,D
Alicea Skelton,askelton2l@chicagotribune.com,student,Female,Christianity,10,B
Alix Cristofano,acristofano2m@addthis.com,student,Female,Christianity,11,A
Niven Lavin,nlavin2n@slashdot.org,student,Male,Christianity,6,D
Aigneis Minnock,aminnock2o@clickbank.net,admin,Female,Islam,12,A
Tandi Sneaker,tsneaker2p@hhs.gov,teacher,Female,Christianity,3,C
Jefferson Purse,jpurse2q@t.co,admin,Male,Christianity,12,D
Gladi McArdle,gmcardle2r@instagram.com,admin,Female,Islam,4,A
Kevina Sowray,ksowray2s@ihg.com,admin,Female,Islam,5,B
Randie Lumbers,rlumbers2t@home.pl,teacher,Female,Islam,2,D
Ailee Gutowska,agutowska2u@ft.com,admin,Female,Christianity,12,A
Barton Critchley,bcritchley2v@godaddy.com,parent,Male,Islam,1,A
Rayshell Raye,rraye2w@wordpress.com,admin,Female,Islam,8,D
Demetri Gusney,dgusney2x@google.co.uk,admin,Male,Christianity,10,C
Tabb Limming,tlimming2y@phpbb.com,parent,Male,Islam,7,C
Earl Moreby,emoreby2z@51.la,admin,Male,Christianity,4,B
Stormie Mills,smills30@theguardian.com,admin,Female,Islam,6,B
Waverley Mosen,wmosen31@weebly.com,student,Male,Islam,2,A
Lorrin Sandcraft,lsandcraft32@360.cn,admin,Female,Christianity,9,D
Saree Hillhouse,shillhouse33@surveymonkey.com,teacher,Female,Christianity,7,B
Lavinia Cutts,lcutts34@cnet.com,student,Female,Christianity,3,B
Lita Methuen,lmethuen35@newsvine.com,teacher,Female,Christianity,5,B
Shawnee Stollen,sstollen36@dailymotion.com,parent,Female,Islam,10,D
Orin Theml,otheml37@cbc.ca,student,Male,Christianity,1,A
Mic Hegg,mhegg38@illinois.edu,teacher,Male,Christianity,4,B
Joy Igonet,jigonet39@mit.edu,admin,Agender,Islam,11,A
Sidney Guyver,sguyver3a@geocities.jp,parent,Male,Islam,4,D
Tana Savaage,tsavaage3b@dion.ne.jp,teacher,Female,Islam,5,A
Venita Binning,vbinning3c@eepurl.com,teacher,Female,Christianity,2,C
Marybeth Gaskall,mgaskall3d@apple.com,student,Female,Christianity,11,D
Normand Southerell,nsoutherell3e@cdbaby.com,parent,Male,Islam,10,D
Jephthah Ullyatt,jullyatt3f@woothemes.com,teacher,Male,Islam,3,A
Carlina Haime,chaime3g@cisco.com,admin,Female,Islam,12,D
Malva Maase,mmaase3h@photobucket.com,student,Female,Christianity,5,A
Goldarina Brisard,gbrisard3i@chicagotribune.com,student,Female,Islam,7,C
Casandra Vose,cvose3j@istockphoto.com,parent,Female,Christianity,6,B
Matthias Mabbe,mmabbe3k@uol.com.br,student,Male,Islam,5,C
Jess Macrae,jmacrae3l@newsvine.com,student,Male,Islam,10,B
Blondelle Readhead,breadhead3m@google.de,teacher,Female,Islam,8,B
Lisbeth Yedy,lyedy3n@noaa.gov,teacher,Female,Islam,2,C
Abelard Clutheram,aclutheram3o@de.vu,admin,Male,Christianity,10,C
Morganne Mattisssen,mmattisssen3p@facebook.com,student,Female,Islam,1,C
Verney Manilo,vmanilo3q@themeforest.net,student,Male,Christianity,9,B
Gardener Llop,gllop3r@mac.com,admin,Male,Islam,1,D
Karena Losselyong,klosselyong3s@telegraph.co.uk,student,Female,Christianity,2,B
Katusha Jacobowits,kjacobowits3t@a8.net,parent,Female,Christianity,7,C
Jillian Hewins,jhewins3u@instagram.com,parent,Female,Christianity,10,D
Aube Maith,amaith3v@sohu.com,parent,Male,Islam,10,B
Carmella Callis,ccallis3w@seattletimes.com,parent,Female,Islam,8,B
Clara Trounson,ctrounson3x@boston.com,admin,Female,Islam,3,C
Lew Lujan,llujan3y@foxnews.com,student,Male,Christianity,6,D
Jacobo Boness,jboness3z@xinhuanet.com,parent,Male,Islam,4,A
Fitzgerald Saltmarsh,fsaltmarsh40@state.tx.us,teacher,Male,Islam,1,D
Lanny McGaugie,lmcgaugie41@spotify.com,student,Male,Christianity,8,C
Persis Ruberti,pruberti42@prnewswire.com,admin,Female,Christianity,1,B
Derby Teck,dteck43@shareasale.com,teacher,Male,Christianity,5,A
Corene Dawdry,cdawdry44@dyndns.org,parent,Female,Islam,4,D
Pablo Spurdle,pspurdle45@japanpost.jp,student,Male,Islam,3,A
Yank Matts,ymatts46@tripod.com,student,Male,Christianity,11,B
Malcolm Essel,messel47@sitemeter.com,teacher,Genderfluid,Christianity,4,B
Susanna Scahill,sscahill48@chronoengine.com,teacher,Female,Islam,9,D
Boonie Quarless,bquarless49@tmall.com,admin,Male,Islam,12,D
Tad De Bruin,tde4a@yale.edu,student,Male,Christianity,11,C
Rosemarie Chellam,rchellam4b@indiatimes.com,student,Female,Christianity,5,A
Hersh Kingzet,hkingzet4c@amazon.de,admin,Male,Christianity,12,A
Kasey Nisco,knisco4d@narod.ru,student,Female,Christianity,3,C
Shirl Note,snote4e@hatena.ne.jp,admin,Female,Islam,8,A
Halie Mattholie,hmattholie4f@free.fr,student,Female,Christianity,10,C
Marian Woodson,mwoodson4g@statcounter.com,parent,Genderqueer,Islam,6,C
Marcelle Grindrod,mgrindrod4h@weather.com,parent,Female,Islam,2,D
Paten Mc-Kerley,pmckerley4i@canalblog.com,admin,Male,Christianity,10,C
Yancy Kauschke,ykauschke4j@bigcartel.com,student,Male,Christianity,12,C
Berenice Mahody,bmahody4k@csmonitor.com,teacher,Female,Islam,12,A
Nikolaus Giannoni,ngiannoni4l@cisco.com,student,Genderfluid,Islam,12,C
Marci O'Doherty,modoherty4m@hugedomains.com,admin,Female,Christianity,2,A
Oran Woolbrook,owoolbrook4n@desdev.cn,student,Male,Christianity,12,B
Ofella Darnody,odarnody4o@hc360.com,parent,Female,Christianity,1,B
Basil Picott,bpicott4p@springer.com,teacher,Male,Christianity,4,B
Weston Capner,wcapner4q@squarespace.com,teacher,Male,Christianity,6,C
Brynne Springford,bspringford4r@github.io,admin,Female,Islam,11,D
Corbett Brekonridge,cbrekonridge4s@china.com.cn,student,Male,Islam,2,A
Alissa Bloyes,abloyes4t@abc.net.au,teacher,Female,Islam,1,D
Stacie Mapstone,smapstone4u@ucsd.edu,teacher,Female,Christianity,7,D
Delores Imlin,dimlin4v@discuz.net,parent,Female,Islam,9,A
Abe Burnes,aburnes4w@goodreads.com,teacher,Male,Islam,6,D
Tori MacKereth,tmackereth4x@ox.ac.uk,admin,Female,Islam,6,D
Phil Churchin,pchurchin4y@imgur.com,parent,Male,Christianity,1,B
Gavin Tabour,gtabour4z@mysql.com,parent,Male,Christianity,6,A
Wolfy Dunbavin,wdunbavin50@nsw.gov.au,admin,Male,Christianity,12,D
Juditha Hatherley,jhatherley51@twitter.com,student,Female,Christianity,2,D
Andree Pembery,apembery52@lycos.com,teacher,Female,Christianity,5,A
Haleigh Kloska,hkloska53@freewebs.com,teacher,Male,Christianity,4,C
Wenonah MacAlister,wmacalister54@squarespace.com,admin,Female,Islam,5,A
Wallie Reen,wreen55@imdb.com,teacher,Male,Christianity,10,C
Talbert Curro,tcurro56@usgs.gov,teacher,Male,Islam,6,B
Pearl Bardnam,pbardnam57@pagesperso-orange.fr,admin,Female,Islam,8,A
Anallese O'Henehan,aohenehan58@e-recht24.de,student,Female,Islam,1,B
Jon Skehens,jskehens59@vistaprint.com,teacher,Male,Islam,8,B
Tannie Blezard,tblezard5a@pinterest.com,teacher,Male,Islam,2,C
Lindy Slyne,lslyne5b@technorati.com,teacher,Bigender,Islam,4,D
Xenos Trinder,xtrinder5c@npr.org,student,Male,Islam,11,C
West Vasichev,wvasichev5d@examiner.com,admin,Male,Christianity,4,B
Elizabeth Ettles,eettles5e@huffingtonpost.com,teacher,Female,Christianity,2,B
Caprice Sagg,csagg5f@answers.com,teacher,Female,Islam,2,C
Gherardo Hedgeley,ghedgeley5g@nasa.gov,student,Male,Islam,4,D
Margaretta Larkworthy,mlarkworthy5h@census.gov,student,Female,Christianity,6,D
Evvie Stollenbeck,estollenbeck5i@sbwire.com,admin,Female,Christianity,7,C
Lauren Riccelli,lriccelli5j@wufoo.com,parent,Female,Islam,7,C
Phylis Rapps,prapps5k@prnewswire.com,teacher,Female,Islam,5,A
Kane Caberas,kcaberas5l@soup.io,parent,Male,Christianity,3,C
Elinore Thurbon,ethurbon5m@state.tx.us,teacher,Female,Christianity,3,C
Walden Dent,wdent5n@unicef.org,admin,Male,Islam,4,C
Tris Chamberlaine,tchamberlaine5o@apple.com,teacher,Male,Christianity,8,C
Ara Francescozzi,afrancescozzi5p@posterous.com,student,Female,Islam,7,A
Waylen Lyman,wlyman5q@earthlink.net,parent,Male,Islam,11,B
Peyter Linstead,plinstead5r@icq.com,parent,Male,Christianity,11,C
Lari McCafferky,lmccafferky5s@jalbum.net,parent,Female,Christianity,11,D
Consuela Ballsdon,cballsdon5t@mysql.com,parent,Female,Islam,7,C
Nevsa Stocker,nstocker5u@t-online.de,teacher,Female,Christianity,8,D
Josey Gornall,jgornall5v@soundcloud.com,parent,Female,Islam,9,C
Osborn Twydell,otwydell5w@google.com.au,teacher,Male,Islam,9,C
Rowe Morando,rmorando5x@virginia.edu,student,Female,Christianity,12,A
Karolina Gayton,kgayton5y@pagesperso-orange.fr,teacher,Female,Islam,5,C
Birgitta Schubbert,bschubbert5z@4shared.com,parent,Female,Christianity,1,A
Ethelda Heinzler,eheinzler60@godaddy.com,admin,Female,Islam,12,D
Maxwell Barnhart,mbarnhart61@goodreads.com,student,Male,Islam,8,A
Salvador Bicknell,sbicknell62@mysql.com,student,Male,Islam,6,B
Cchaddie Touhig,ctouhig63@fema.gov,teacher,Male,Christianity,7,A
Will Durno,wdurno64@cornell.edu,admin,Male,Christianity,5,C
Sebastian Wrightham,swrightham65@freewebs.com,student,Male,Islam,4,C
Virgilio Pettipher,vpettipher66@marketwatch.com,student,Male,Christianity,10,B
Karim Widmoor,kwidmoor67@fastcompany.com,admin,Male,Islam,3,C
Jaine Yeo,jyeo68@mtv.com,admin,Female,Christianity,6,C
Malorie Kither,mkither69@wikia.com,student,Female,Christianity,10,A
Kirbee Fey,kfey6a@photobucket.com,admin,Female,Christianity,1,D
Gerianna Domengue,gdomengue6b@baidu.com,parent,Female,Christianity,6,A
Tanhya Romeuf,tromeuf6c@earthlink.net,admin,Female,Christianity,10,A
Bevan Greenstead,bgreenstead6d@mlb.com,teacher,Male,Islam,5,A
Leonhard Nizet,lnizet6e@biglobe.ne.jp,teacher,Bigender,Christianity,10,A
Viva Eveque,veveque6f@arizona.edu,parent,Female,Islam,5,C
Galvan Sposito,gsposito6g@youku.com,admin,Male,Islam,1,C
Johannah Benard,jbenard6h@cafepress.com,teacher,Female,Christianity,7,A
Caroljean Roper,croper6i@latimes.com,admin,Female,Islam,1,B
Thekla McNess,tmcness6j@sogou.com,teacher,Female,Islam,7,B
Ritchie Whittington,rwhittington6k@independent.co.uk,student,Male,Christianity,3,B
Jorey Borit,jborit6l@google.com.br,admin,Female,Islam,2,C
Foss Yanshonok,fyanshonok6m@opensource.org,teacher,Male,Islam,4,B
Kennett Leving,kleving6n@japanpost.jp,parent,Male,Christianity,11,B
Demott Habbeshaw,dhabbeshaw6o@networksolutions.com,parent,Male,Islam,8,D
Laurette Iacofo,liacofo6p@thetimes.co.uk,student,Female,Islam,8,A
Fonzie Methley,fmethley6q@blogger.com,teacher,Male,Islam,7,D
Hugues Smitherham,hsmitherham6r@spotify.com,teacher,Male,Islam,3,A
Kort Omond,komond6s@goodreads.com,student,Male,Christianity,2,D
Aurea Reagan,areagan6t@washington.edu,teacher,Female,Christianity,11,B
Marco Ruane,mruane6u@diigo.com,student,Male,Islam,4,B
Ruddie Haeslier,rhaeslier6v@time.com,student,Male,Islam,2,D
Alexei Bromhead,abromhead6w@omniture.com,teacher,Male,Christianity,1,B
Dominic Grcic,dgrcic6x@marketwatch.com,student,Male,Christianity,11,D
Fanchon Spincks,fspincks6y@ning.com,parent,Female,Christianity,2,D
Sloan Skeldinge,sskeldinge6z@state.gov,teacher,Male,Christianity,8,A
Vivianne Busain,vbusain70@amazon.de,teacher,Female,Christianity,10,C
Venita Town,vtown71@weather.com,parent,Female,Christianity,9,A
Glennis Treend,gtreend72@cloudflare.com,admin,Female,Christianity,3,D
Bert Trengrouse,btrengrouse73@europa.eu,student,Female,Islam,2,D
Ronni Collumbine,rcollumbine74@istockphoto.com,admin,Non-binary,Islam,1,B
Kaye Ussher,kussher75@g.co,teacher,Female,Islam,7,D
Joellen Dansie,jdansie76@webnode.com,parent,Female,Christianity,2,B
Simeon Whittlesee,swhittlesee77@istockphoto.com,admin,Male,Christianity,6,B
Galina Cronk,gcronk78@cnet.com,student,Female,Islam,2,D
Colene Willgoose,cwillgoose79@cargocollective.com,student,Female,Islam,3,B
Kizzee Python,kpython7a@mysql.com,parent,Female,Christianity,9,B
Rutherford Greeding,rgreeding7b@hubpages.com,parent,Male,Christianity,4,A
Whitman Meenan,wmeenan7c@wikispaces.com,teacher,Polygender,Islam,4,B
Loree Slaght,lslaght7d@hexun.com,admin,Female,Christianity,4,B
Caryn Filipychev,cfilipychev7e@dropbox.com,teacher,Female,Christianity,9,B
Fayth Devoy,fdevoy7f@abc.net.au,admin,Female,Christianity,12,B
Carri Goodall,cgoodall7g@aboutads.info,parent,Female,Islam,6,C
Melisa Gristhwaite,mgristhwaite7h@icio.us,admin,Female,Christianity,3,A
Phyllis Tsar,ptsar7i@soundcloud.com,teacher,Female,Christianity,3,B
Guido Wheeler,gwheeler7j@prnewswire.com,parent,Male,Christianity,7,C
Laurena Hutcheons,lhutcheons7k@etsy.com,teacher,Female,Islam,6,B
Willa Fillimore,wfillimore7l@gizmodo.com,admin,Agender,Islam,12,D
Emanuele Halmkin,ehalmkin7m@paypal.com,student,Male,Christianity,8,A
Quill Wadie,qwadie7n@springer.com,parent,Male,Christianity,12,A
Jack Underwood,junderwood7o@oaic.gov.au,teacher,Male,Islam,2,B
Tedi Frankland,tfrankland7p@topsy.com,teacher,Female,Christianity,5,C
Corby Listone,clistone7q@dell.com,student,Male,Christianity,5,D
Ginger Turbern,gturbern7r@alexa.com,parent,Female,Islam,10,C
Barret Axe,baxe7s@mapy.cz,teacher,Male,Christianity,4,C
Trent Beggini,tbeggini7t@microsoft.com,teacher,Male,Islam,2,B
Nerta Doumenc,ndoumenc7u@imdb.com,teacher,Polygender,Islam,11,D
Ellynn Bevington,ebevington7v@wikipedia.org,parent,Bigender,Islam,7,A
Davida MacGillacolm,dmacgillacolm7w@mediafire.com,parent,Female,Christianity,2,A
Stacey Benthall,sbenthall7x@cnbc.com,teacher,Female,Christianity,10,A
Dom Scholtz,dscholtz7y@nyu.edu,student,Male,Islam,6,D
Griswold Spikeings,gspikeings7z@1688.com,student,Male,Islam,7,D
Gilbertine Kastel,gkastel80@google.co.uk,parent,Female,Islam,2,D
Simeon Fawssett,sfawssett81@canalblog.com,student,Male,Christianity,2,D
Salem Batt,sbatt82@phpbb.com,student,Male,Islam,8,C
Daphna Wife,dwife83@purevolume.com,teacher,Female,Christianity,7,D
Eustace Packe,epacke84@cdc.gov,admin,Male,Christianity,7,B
Tirrell Lawden,tlawden85@cornell.edu,student,Bigender,Christianity,2,C
Sascha Onele,sonele86@dropbox.com,student,Female,Islam,11,B
Lizzie Warry,lwarry87@ox.ac.uk,student,Female,Islam,5,B
Allister Oaker,aoaker88@ocn.ne.jp,parent,Male,Christianity,11,A
Antons Brammer,abrammer89@oakley.com,parent,Male,Christianity,4,D
Kailey Buckett,kbuckett8a@clickbank.net,admin,Female,Islam,3,A
Alfy Roche,aroche8b@hatena.ne.jp,admin,Male,Islam,11,D
Fredrick Augustine,faugustine8c@telegraph.co.uk,admin,Male,Islam,5,A
Randa Wehnerr,rwehnerr8d@desdev.cn,teacher,Female,Islam,8,A
Willy McOwan,wmcowan8e@marketwatch.com,teacher,Male,Islam,10,C
Harvey Voice,hvoice8f@adobe.com,teacher,Male,Islam,2,D
Cody Ridett,cridett8g@artisteer.com,teacher,Male,Christianity,10,D
Cassie Rubenczyk,crubenczyk8h@ed.gov,admin,Bigender,Islam,12,B
Phillida Cogle,pcogle8i@slate.com,admin,Female,Christianity,9,A
Lilas Pidon,lpidon8j@boston.com,parent,Female,Islam,4,B
Sigismundo Perassi,sperassi8k@tripadvisor.com,teacher,Male,Islam,3,A
Cam Hutchings,chutchings8l@indiatimes.com,admin,Male,Islam,12,C
Mellisa Flohard,mflohard8m@blog.com,student,Female,Christianity,5,D
Carilyn White,cwhite8n@qq.com,admin,Female,Christianity,11,B
Torrie Bront,tbront8o@skype.com,teacher,Female,Islam,10,A
Jamaal Horlock,jhorlock8p@soundcloud.com,teacher,Male,Christianity,8,B
Angelina Abell,aabell8q@redcross.org,teacher,Female,Christianity,4,C
Serena Bellham,sbellham8r@nih.gov,parent,Female,Christianity,3,D
Joshia Srawley,jsrawley8s@mtv.com,admin,Male,Christianity,3,D
Ranique Pyzer,rpyzer8t@umn.edu,teacher,Female,Christianity,1,D
Jyoti Adamthwaite,jadamthwaite8u@diigo.com,admin,Female,Christianity,3,A
Richmound Birtley,rbirtley8v@spiegel.de,teacher,Male,Islam,3,C
Thomasina Symmers,tsymmers8w@pbs.org,student,Female,Christianity,1,A
Agna Burnet,aburnet8x@liveinternet.ru,teacher,Female,Christianity,12,D
Robinet Huntall,rhuntall8y@360.cn,student,Male,Christianity,7,D
Jermayne Smorfit,jsmorfit8z@ucla.edu,parent,Male,Islam,9,C
Kipper Feltoe,kfeltoe90@mozilla.org,student,Male,Islam,8,C
Del Bangs,dbangs91@slideshare.net,student,Female,Islam,5,D
Ami Shenley,ashenley92@networkadvertising.org,student,Bigender,Christianity,3,C
Gaylene Montacute,gmontacute93@utexas.edu,student,Female,Christianity,6,A
Courtenay McDonnell,cmcdonnell94@unblog.fr,student,Female,Islam,3,A
Vincenz Scola,vscola95@usda.gov,admin,Male,Islam,4,C
Annabelle Notman,anotman96@phpbb.com,admin,Female,Christianity,5,B
Emmet Watsham,ewatsham97@globo.com,teacher,Male,Islam,7,D
Forster Tregunna,ftregunna98@psu.edu,admin,Male,Islam,12,C
Kevin De Mitri,kde99@usa.gov,parent,Male,Islam,6,D
Berte Milne,bmilne9a@wunderground.com,parent,Female,Islam,8,D
Angelle Blackborow,ablackborow9b@dell.com,teacher,Female,Islam,9,A
Brendon Wassell,bwassell9c@addthis.com,teacher,Male,Islam,11,C
Grata Frushard,gfrushard9d@symantec.com,student,Female,Christianity,1,B
Jorgan Kempson,jkempson9e@walmart.com,teacher,Male,Islam,12,C
Theo Gillitt,tgillitt9f@geocities.com,admin,Male,Christianity,6,B
Abbott Pepi,apepi9g@ow.ly,teacher,Male,Christianity,1,A
Concettina Grigore,cgrigore9h@merriam-webster.com,student,Female,Christianity,2,B
Georgi Glaserman,gglaserman9i@aboutads.info,student,Male,Christianity,8,D
Petrina Kunisch,pkunisch9j@cbslocal.com,parent,Female,Islam,3,B
Pincus Wilstead,pwilstead9k@wikispaces.com,parent,Genderqueer,Christianity,5,A
Garwood Ambrogioli,gambrogioli9l@sohu.com,teacher,Male,Christianity,3,C
Bevin Adacot,badacot9m@discuz.net,parent,Male,Christianity,6,D
Pearla Shackle,pshackle9n@google.co.uk,teacher,Bigender,Christianity,1,D
Lothario Olech,lolech9o@ifeng.com,admin,Male,Christianity,9,A
Christopher Mackin,cmackin9p@naver.com,teacher,Male,Christianity,7,C
Eustacia Cocke,ecocke9q@uol.com.br,parent,Female,Christianity,5,B
Karyn Daynter,kdaynter9r@yahoo.com,teacher,Female,Christianity,4,D
Hube Worthington,hworthington9s@yolasite.com,admin,Male,Islam,12,C
Pernell Georgel,pgeorgel9t@hugedomains.com,teacher,Male,Islam,2,C
Laetitia Scardefield,lscardefield9u@state.tx.us,parent,Genderfluid,Islam,4,A
Ariel Perryman,aperryman9v@jiathis.com,student,Male,Christianity,5,C
Walther Starsmeare,wstarsmeare9w@hhs.gov,admin,Male,Islam,2,D
Hyatt Hulmes,hhulmes9x@elegantthemes.com,teacher,Male,Islam,12,C
Ruben Phetteplace,rphetteplace9y@telegraph.co.uk,admin,Male,Christianity,9,B
Sammy Norrie,snorrie9z@mayoclinic.com,student,Male,Christianity,3,A
Eran Howels,ehowelsa0@multiply.com,teacher,Female,Christianity,7,A
Analise Parlour,aparloura1@springer.com,admin,Female,Islam,10,D
Tamar Daal,tdaala2@washington.edu,parent,Female,Islam,3,B
Alvy Younglove,ayounglovea3@cnbc.com,admin,Male,Christianity,9,C
Missie Sleight,msleighta4@yahoo.co.jp,student,Female,Christianity,4,A
Raymond Greson,rgresona5@gmpg.org,student,Male,Islam,6,D
Cristi Carling,ccarlinga6@lycos.com,parent,Female,Islam,5,C
Lay Jankin,ljankina7@theguardian.com,parent,Male,Christianity,1,C
Marcelo Ivannikov,mivannikova8@illinois.edu,teacher,Male,Islam,6,D
Currie Dafter,cdaftera9@google.it,teacher,Agender,Christianity,4,D
Katey Braxton,kbraxtonaa@earthlink.net,student,Female,Islam,5,B
Merrel Eynaud,meynaudab@google.es,student,Male,Islam,5,B
Ruthi Aldham,raldhamac@bbb.org,admin,Female,Christianity,6,C
Brunhilde Bowne,bbownead@telegraph.co.uk,teacher,Female,Islam,7,C
Carney Waghorne,cwaghorneae@wordpress.com,admin,Male,Islam,10,A
Jake Slesser,jslesseraf@xing.com,student,Male,Christianity,4,D
Dolley Polsin,dpolsinag@cmu.edu,teacher,Non-binary,Islam,4,B
Evelin Hold,eholdah@comsenz.com,student,Male,Christianity,4,D
Lorine Zebedee,lzebedeeai@eepurl.com,parent,Female,Islam,5,A
Ernest Boome,eboomeaj@unblog.fr,teacher,Male,Islam,7,B
Brannon Hadland,bhadlandak@fda.gov,parent,Male,Christianity,10,D
Erich Eadon,eeadonal@wikispaces.com,teacher,Male,Christianity,1,B
Dalis Ride,drideam@yahoo.com,admin,Male,Islam,9,D
Torey Bony,tbonyan@tamu.edu,parent,Female,Christianity,12,D
Melvyn Bester,mbesterao@jugem.jp,admin,Male,Christianity,7,B
Eli Kellet,ekelletap@oracle.com,teacher,Male,Christianity,2,B
Theresita Collinette,tcollinetteaq@godaddy.com,student,Female,Islam,12,B
Dorella Rubinshtein,drubinshteinar@sfgate.com,teacher,Female,Christianity,8,D
Raven Meiningen,rmeiningenas@reuters.com,teacher,Female,Christianity,7,B
Syd Bottrill,sbottrillat@nhs.uk,admin,Male,Christianity,5,A
Selby Reinhart,sreinhartau@ycombinator.com,teacher,Male,Islam,11,A
Shelley Philipard,sphilipardav@cyberchimps.com,admin,Male,Islam,2,A
Vi Pordall,vpordallaw@wiley.com,teacher,Bigender,Islam,12,D
Franzen Dignam,fdignamax@bbb.org,admin,Male,Christianity,10,B
Rolfe Dakhno,rdakhnoay@oaic.gov.au,student,Male,Christianity,7,A
Nicolis Portingale,nportingaleaz@state.tx.us,admin,Male,Islam,4,C
Corty Calven,ccalvenb0@forbes.com,student,Male,Christianity,5,D
Duff Skipsey,dskipseyb1@miitbeian.gov.cn,parent,Male,Christianity,4,D
Corby Ellington,cellingtonb2@tripod.com,teacher,Male,Islam,9,B
Sheela Mowen,smowenb3@joomla.org,teacher,Female,Islam,9,C
Ettie Banaszczyk,ebanaszczykb4@google.pl,parent,Female,Christianity,10,B
Reynolds Bridgstock,rbridgstockb5@live.com,teacher,Male,Islam,9,D
Fey Withers,fwithersb6@hp.com,student,Female,Christianity,10,C
Marielle Corneil,mcorneilb7@theatlantic.com,student,Female,Christianity,5,C
Ruthi Nix,rnixb8@fastcompany.com,parent,Female,Christianity,9,A
Inessa Romanetti,iromanettib9@home.pl,teacher,Female,Islam,1,D
Ransom Gambell,rgambellba@weather.com,teacher,Male,Christianity,4,C
Porter Littrik,plittrikbb@myspace.com,student,Male,Christianity,7,B
Woodrow Bafford,wbaffordbc@opera.com,parent,Male,Christianity,11,B
Cesare Titcombe,ctitcombebd@behance.net,admin,Male,Christianity,2,D
Ardys Rosoni,arosonibe@photobucket.com,student,Female,Islam,1,C
Joell Haggeth,jhaggethbf@msn.com,parent,Female,Islam,1,A
Alric Lowres,alowresbg@sbwire.com,teacher,Male,Christianity,10,B
Ferrell Fricker,ffrickerbh@acquirethisname.com,student,Male,Christianity,3,C
Viole Sullivan,vsullivanbi@netvibes.com,admin,Female,Christianity,3,A
Zacharie Costy,zcostybj@cnn.com,parent,Male,Christianity,4,C
Benji Eldredge,beldredgebk@thetimes.co.uk,student,Male,Islam,6,A
Eyde Lammas,elammasbl@biblegateway.com,student,Female,Christianity,5,B
Jamill Alliker,jallikerbm@soup.io,teacher,Male,Islam,10,B
Waylen McKleod,wmckleodbn@salon.com,parent,Male,Islam,11,B
Perl Deluze,pdeluzebo@gmpg.org,parent,Female,Christianity,3,B
Pierrette Pitts,ppittsbp@privacy.gov.au,teacher,Female,Christianity,6,A
Colleen Runnalls,crunnallsbq@nih.gov,admin,Female,Christianity,11,C
Baudoin Studde,bstuddebr@homestead.com,parent,Male,Islam,7,B
Steffie Werndly,swerndlybs@unicef.org,parent,Female,Islam,1,D
Tricia Manz,tmanzbt@cdbaby.com,admin,Female,Christianity,1,D
Karissa Tregear,ktregearbu@samsung.com,teacher,Female,Christianity,9,D
Saul Longden,slongdenbv@theatlantic.com,teacher,Male,Christianity,9,A
Adrianne Nerval,anervalbw@creativecommons.org,parent,Female,Christianity,9,A
Cly Blinman,cblinmanbx@huffingtonpost.com,parent,Male,Islam,7,A
Maxy Weddup,mweddupby@wiley.com,parent,Female,Islam,4,D
Judye Arrighi,jarrighibz@wsj.com,teacher,Female,Christianity,8,C
Stormie Georgelin,sgeorgelinc0@blogtalkradio.com,parent,Non-binary,Christianity,8,B
Eleni Coale,ecoalec1@nhs.uk,parent,Polygender,Islam,6,A
Heywood Sangwin,hsangwinc2@google.com.br,student,Male,Christianity,4,D
Benton Gumbley,bgumbleyc3@opensource.org,student,Male,Christianity,8,C
Giulio Tournay,gtournayc4@webeden.co.uk,admin,Male,Islam,8,B
Donalt Lathan,dlathanc5@arstechnica.com,student,Male,Islam,10,C
Anthea Spellar,aspellarc6@reuters.com,teacher,Female,Islam,1,A
Lois Dartnall,ldartnallc7@yellowbook.com,admin,Genderfluid,Christianity,1,A
Arliene Tumbelty,atumbeltyc8@over-blog.com,teacher,Female,Islam,6,A
Alie Lainton,alaintonc9@hugedomains.com,teacher,Bigender,Islam,11,A
Herbert Mollene,hmolleneca@seesaa.net,parent,Male,Islam,2,B
Roldan Stammler,rstammlercb@google.pl,teacher,Male,Christianity,2,D
Faythe Drabble,fdrabblecc@java.com,admin,Female,Christianity,6,B
Baxy Breit,bbreitcd@etsy.com,teacher,Male,Christianity,3,B
Marwin Roistone,mroistonece@prlog.org,parent,Male,Islam,9,A
Marv Lindell,mlindellcf@upenn.edu,teacher,Male,Christianity,12,A
Melli Mellon,mmelloncg@behance.net,student,Female,Islam,6,A
Mariejeanne Wrates,mwratesch@ow.ly,parent,Female,Christianity,4,A
Claudio Mahaffey,cmahaffeyci@mysql.com,teacher,Male,Christianity,2,A
Fidelia Busch,fbuschcj@sakura.ne.jp,student,Female,Christianity,5,B
Fonsie Larrad,flarradck@usda.gov,teacher,Male,Islam,12,A
Shannah Labbez,slabbezcl@amazon.co.uk,parent,Female,Islam,1,D
Bail Stancer,bstancercm@cocolog-nifty.com,parent,Male,Christianity,2,C
Hurleigh Hethron,hhethroncn@comcast.net,teacher,Male,Christianity,3,A
Gabi Pietrowski,gpietrowskico@nbcnews.com,parent,Female,Christianity,10,A
Bayard Schriren,bschrirencp@wsj.com,admin,Male,Christianity,7,B
Arvie De Gouy,adecq@netscape.com,student,Male,Christianity,2,B
Billi Colenutt,bcolenuttcr@home.pl,parent,Female,Islam,5,B
Tandy Deeves,tdeevescs@fastcompany.com,admin,Female,Islam,9,D
Vinson Mullinger,vmullingerct@bizjournals.com,admin,Male,Islam,5,A
Ruthi Awcoate,rawcoatecu@google.com.br,admin,Female,Islam,3,B
Galen Ayllett,gayllettcv@ameblo.jp,parent,Male,Christianity,2,A
Ludvig Lepper,lleppercw@rediff.com,parent,Polygender,Christianity,12,B
Elnore Dodle,edodlecx@google.ru,teacher,Female,Christianity,7,B
Mic Slade,msladecy@seesaa.net,student,Male,Christianity,11,C
Forrester Gouinlock,fgouinlockcz@nature.com,teacher,Male,Christianity,2,B
Tish Bloggett,tbloggettd0@redcross.org,admin,Female,Christianity,6,A
Barbie Martinon,bmartinond1@vkontakte.ru,parent,Female,Islam,2,B
Craig Danes,cdanesd2@reddit.com,teacher,Male,Christianity,1,D
Jeromy Sarginson,jsarginsond3@google.cn,admin,Male,Christianity,9,B
Bradley Ions,bionsd4@quantcast.com,student,Male,Islam,11,B
Eduino Burgise,eburgised5@gov.uk,parent,Male,Christianity,6,B
Ailina Friedman,afriedmand6@163.com,student,Female,Christianity,6,A
Conny Tolcharde,ctolcharded7@bizjournals.com,parent,Non-binary,Islam,7,B
Remy Butland,rbutlandd8@unc.edu,admin,Polygender,Christianity,10,B
Ringo Lavalde,rlavalded9@w3.org,admin,Male,Christianity,8,B
Bamby Syrie,bsyrieda@usatoday.com,student,Female,Islam,7,B
Joshia Kasman,jkasmandb@cyberchimps.com,admin,Male,Islam,3,B
Katherine Piken,kpikendc@bbb.org,admin,Female,Christianity,8,D
Merissa Timmermann,mtimmermanndd@globo.com,teacher,Female,Islam,2,A
Dulcy Vowden,dvowdende@woothemes.com,teacher,Female,Christianity,2,A
Elle Beebe,ebeebedf@goo.gl,admin,Non-binary,Islam,5,D
Carson Dragonette,cdragonettedg@rediff.com,student,Male,Islam,6,A
Stanley Dungey,sdungeydh@sphinn.com,teacher,Bigender,Islam,4,A
Francis Bronot,fbronotdi@yandex.ru,student,Male,Islam,8,B
Clem Dolman,cdolmandj@sitemeter.com,student,Female,Islam,12,C
Steffane Rilston,srilstondk@nationalgeographic.com,parent,Female,Islam,11,C
Pall Winscom,pwinscomdl@cbc.ca,teacher,Male,Christianity,6,A
Hewitt Tattersall,htattersalldm@1688.com,parent,Male,Christianity,11,B
Mitzi Abisetti,mabisettidn@accuweather.com,teacher,Female,Christianity,4,D
De witt Ham,dwittdo@vk.com,admin,Male,Islam,1,A
Yolanthe Tubby,ytubbydp@utexas.edu,parent,Female,Christianity,10,A
Wake Armer,warmerdq@mozilla.org,parent,Male,Islam,8,C
Olivette Jaume,ojaumedr@is.gd,admin,Bigender,Christianity,8,B
Maryl Bompass,mbompassds@google.es,parent,Genderqueer,Christianity,12,A
Valencia Runnalls,vrunnallsdt@seattletimes.com,teacher,Female,Islam,12,B
Nikita Seven,nsevendu@dyndns.org,admin,Non-binary,Islam,12,C
Lula Whetton,lwhettondv@mozilla.com,student,Female,Christianity,3,C
Paolina Cromblehome,pcromblehomedw@cafepress.com,admin,Female,Islam,9,D
George Eddleston,geddlestondx@usnews.com,teacher,Male,Islam,6,B
Colin Lazer,clazerdy@un.org,teacher,Male,Christianity,9,B
Julie MacNalley,jmacnalleydz@soup.io,parent,Polygender,Islam,5,D
Gilligan Cashin,gcashine0@printfriendly.com,student,Female,Christianity,6,C
Barbee Muehle,bmuehlee1@bloglovin.com,student,Female,Christianity,4,B
Christy Kordas,ckordase2@creativecommons.org,teacher,Female,Christianity,11,A
Gaylene Benoey,gbenoeye3@theglobeandmail.com,student,Female,Christianity,4,B
Maje Sabine,msabinee4@wp.com,parent,Male,Islam,12,B
Eveleen Macveigh,emacveighe5@japanpost.jp,student,Female,Christianity,6,D
Parsifal Strongman,pstrongmane6@edublogs.org,admin,Polygender,Christianity,7,B
Blisse Espinas,bespinase7@msu.edu,parent,Polygender,Christianity,10,B
Iorgos Crunkhorn,icrunkhorne8@csmonitor.com,admin,Male,Islam,6,B
Alyosha Korf,akorfe9@biglobe.ne.jp,admin,Male,Islam,9,A
Bettina Downes,bdownesea@ox.ac.uk,parent,Female,Christianity,1,A
Cortney Noorwood,cnoorwoodeb@blinklist.com,student,Female,Christianity,7,D
Chrisse Pickhaver,cpickhaverec@netlog.com,parent,Male,Islam,7,A
Britney Toomey,btoomeyed@seesaa.net,teacher,Female,Islam,9,C
Hewitt Garrard,hgarrardee@google.ca,parent,Male,Christianity,10,B
Huberto Oxley,hoxleyef@usatoday.com,parent,Male,Islam,10,A
Tommi Michell,tmichelleg@google.com.br,teacher,Female,Islam,8,C
Talyah Bucher,tbuchereh@youtube.com,parent,Female,Christianity,2,C
Terri-jo Fortune,tfortuneei@disqus.com,admin,Female,Islam,3,D
Nealy Brandle,nbrandleej@so-net.ne.jp,admin,Genderqueer,Islam,4,B
Giuseppe O'Gormley,gogormleyek@gravatar.com,student,Male,Islam,11,D
Rochell Jerschke,rjerschkeel@cbsnews.com,student,Female,Islam,8,C
Rurik Daysh,rdayshem@netscape.com,parent,Male,Islam,5,B
Ag Maryan,amaryanen@drupal.org,admin,Female,Christianity,4,C
Gerek Ullett,gulletteo@histats.com,teacher,Male,Islam,5,B
Thurston Butchard,tbutchardep@flavors.me,parent,Male,Christianity,5,B
Cecilio Ayce,cayceeq@nifty.com,admin,Male,Christianity,3,A
Rozelle Blessed,rblesseder@slideshare.net,admin,Female,Islam,12,B
Amalia Melmeth,amelmethes@techcrunch.com,student,Female,Islam,8,D
Maje Jiroutka,mjiroutkaet@arizona.edu,parent,Male,Islam,9,D
Corinna Goymer,cgoymereu@google.pl,teacher,Female,Christianity,4,B
Alf Escalero,aescaleroev@java.com,student,Male,Christianity,4,B
Sauveur Meconi,smeconiew@cisco.com,student,Male,Christianity,3,C
Rochelle Totton,rtottonex@google.nl,student,Female,Islam,4,A
Katee Birtley,kbirtleyey@earthlink.net,parent,Female,Christianity,1,D
Vasilis Wynch,vwynchez@example.com,teacher,Male,Christianity,7,B
Sly Billanie,sbillanief0@ted.com,admin,Male,Islam,8,C
Harlin Goodyear,hgoodyearf1@wordpress.com,teacher,Male,Islam,7,B
Griswold Spofforth,gspofforthf2@1688.com,parent,Male,Christianity,6,B
Faydra Kilty,fkiltyf3@hud.gov,parent,Female,Christianity,3,D
Waylin Dandison,wdandisonf4@cbslocal.com,parent,Male,Christianity,12,D
Rhianon Liston,rlistonf5@elpais.com,student,Female,Islam,2,C
Gage Dye,gdyef6@disqus.com,admin,Male,Islam,12,B
Karon Portam,kportamf7@goo.ne.jp,parent,Female,Christianity,2,B
Hanson Staddon,hstaddonf8@plala.or.jp,student,Agender,Islam,4,D
Raffaello Izachik,rizachikf9@sina.com.cn,student,Male,Christianity,6,C
Dominga Montgomery,dmontgomeryfa@homestead.com,student,Bigender,Christianity,8,B
Maison Dwyr,mdwyrfb@booking.com,parent,Male,Islam,12,D
Shana Dayborne,sdaybornefc@sun.com,student,Female,Christianity,2,D
Nowell Kull,nkullfd@freewebs.com,student,Male,Christianity,5,B
Alvinia Lissemore,alissemorefe@hud.gov,teacher,Female,Christianity,12,D
Noel Dabbes,ndabbesff@naver.com,admin,Female,Islam,12,D
Anabelle Washington,awashingtonfg@csmonitor.com,parent,Female,Christianity,8,D
Pedro Stranger,pstrangerfh@sciencedirect.com,admin,Male,Islam,11,D
Juieta Bradford,jbradfordfi@cnbc.com,teacher,Female,Islam,10,B
Blythe Toms,btomsfj@newyorker.com,parent,Female,Christianity,5,B
Marthe Kareman,mkaremanfk@icq.com,teacher,Female,Christianity,2,C
Briant Benito,bbenitofl@exblog.jp,parent,Genderqueer,Christianity,4,B
Fergus Gloucester,fgloucesterfm@facebook.com,parent,Genderqueer,Christianity,4,B
Perren Tutsell,ptutsellfn@reference.com,parent,Agender,Christianity,1,C
Conway Stillmann,cstillmannfo@jalbum.net,student,Male,Islam,1,A
Tierney Stansbie,tstansbiefp@oaic.gov.au,parent,Female,Christianity,2,B
Dennet Ismirnioglou,dismirniogloufq@plala.or.jp,teacher,Male,Christianity,2,A
Iain Benford,ibenfordfr@ft.com,student,Male,Christianity,3,D
Dennis Keems,dkeemsfs@wiley.com,teacher,Male,Islam,1,D
Granger Smye,gsmyeft@berkeley.edu,parent,Male,Christianity,5,A
Salomon Scandred,sscandredfu@blogspot.com,admin,Male,Christianity,8,A
Rosana Cullin,rcullinfv@so-net.ne.jp,student,Female,Christianity,5,B
Uriah Mintram,umintramfw@npr.org,parent,Male,Islam,7,C
Lowe Babbidge,lbabbidgefx@ihg.com,parent,Male,Christianity,11,A
Burr Scarman,bscarmanfy@flavors.me,teacher,Male,Islam,3,C
Tiffy Ollier,tollierfz@github.com,parent,Female,Islam,7,D
Nelly Grolle,ngrolleg0@privacy.gov.au,parent,Female,Islam,5,A
Katti Ferns,kfernsg1@google.ca,parent,Female,Christianity,8,D
Cherrita Howard - Gater,chowardg2@myspace.com,admin,Female,Christianity,8,D
Chic Chrystal,cchrystalg3@sitemeter.com,admin,Male,Christianity,9,B
Georgia Snead,gsneadg4@bloglines.com,teacher,Polygender,Islam,11,A
Tedie Petchell,tpetchellg5@aol.com,student,Male,Islam,3,C
Porter Bello,pbellog6@drupal.org,parent,Male,Islam,6,A
Jarred Self,jselfg7@examiner.com,teacher,Agender,Islam,3,C
Shaina Dumpleton,sdumpletong8@columbia.edu,teacher,Female,Islam,3,B
Roanne Wratten,rwratteng9@pbs.org,teacher,Female,Islam,1,D
Ilysa Denziloe,idenziloega@twitter.com,admin,Female,Christianity,9,A
Vince Lounds,vloundsgb@bluehost.com,student,Polygender,Islam,2,A
Jamison Planks,jplanksgc@berkeley.edu,parent,Male,Christianity,5,A
Conni Eddow,ceddowgd@ocn.ne.jp,student,Female,Islam,2,B
Cash Blackbrough,cblackbroughge@soundcloud.com,teacher,Male,Islam,12,D
Nahum Bockler,nbocklergf@toplist.cz,teacher,Male,Islam,4,D
Harriette Skiggs,hskiggsgg@wordpress.org,teacher,Female,Islam,5,A
Kesley Spinozzi,kspinozzigh@craigslist.org,student,Female,Islam,11,A
Krissy Briamo,kbriamogi@paypal.com,teacher,Female,Islam,5,B
Pippy Jorin,pjoringj@issuu.com,parent,Female,Christianity,11,A
Rosabel Coltman,rcoltmangk@soup.io,teacher,Female,Christianity,1,A
Aleen Goodoune,agoodounegl@odnoklassniki.ru,teacher,Female,Christianity,2,B
Kalie Hachette,khachettegm@telegraph.co.uk,parent,Female,Christianity,4,C
Hercules Gutman,hgutmangn@engadget.com,parent,Male,Islam,11,D
Elenore Abrahami,eabrahamigo@earthlink.net,admin,Female,Islam,6,A
Maressa Pollicott,mpollicottgp@addthis.com,student,Female,Islam,6,A
Mayne Ridesdale,mridesdalegq@foxnews.com,student,Male,Christianity,10,A
King Muffin,kmuffingr@bing.com,admin,Male,Christianity,11,D
Retha Grinley,rgrinleygs@dedecms.com,admin,Female,Islam,4,B
Tommie Haddy,thaddygt@cyberchimps.com,admin,Male,Christianity,7,B
Diane Keuneke,dkeunekegu@jugem.jp,admin,Female,Islam,11,A
Zollie Caldero,zcalderogv@github.io,student,Male,Christianity,7,A
Melloney Steart,msteartgw@ucsd.edu,admin,Female,Islam,1,C
Wakefield Synnott,wsynnottgx@un.org,parent,Male,Christianity,6,A
Dosi Hawick,dhawickgy@infoseek.co.jp,admin,Female,Islam,8,D
Leslie Blevin,lblevingz@about.com,teacher,Polygender,Islam,6,A
Arabella Edgcumbe,aedgcumbeh0@live.com,teacher,Female,Christianity,8,A
Nicholas Haddow,nhaddowh1@about.me,teacher,Male,Christianity,9,B
Dorry Sterricks,dsterricksh2@cyberchimps.com,parent,Female,Christianity,8,C
Coralyn Tissell,ctissellh3@ask.com,student,Female,Christianity,5,D
Robby Charlton,rcharltonh4@cpanel.net,admin,Male,Christianity,11,A
Kelli Seagrove,kseagroveh5@parallels.com,teacher,Female,Islam,3,D
Ainslee McCarry,amccarryh6@webeden.co.uk,teacher,Genderfluid,Christianity,5,A
Magdaia Jope,mjopeh7@typepad.com,parent,Female,Islam,9,D
Minta Doerling,mdoerlingh8@chicagotribune.com,parent,Female,Christianity,5,C
Prinz Goodhew,pgoodhewh9@newyorker.com,parent,Male,Islam,12,B
Donica Coulthart,dcoulthartha@statcounter.com,parent,Female,Islam,5,B
Phylys Duckerin,pduckerinhb@imgur.com,teacher,Female,Christianity,7,B
Bendick Pettie,bpettiehc@comsenz.com,parent,Non-binary,Islam,10,A
Merla Devaney,mdevaneyhd@ow.ly,teacher,Female,Islam,1,A
Hewie Lenney,hlenneyhe@globo.com,teacher,Male,Christianity,4,B
Crawford Greswell,cgreswellhf@oaic.gov.au,admin,Male,Islam,7,D
Boniface Wellbelove,bwellbelovehg@marketwatch.com,admin,Male,Islam,6,B
Darby Juszkiewicz,djuszkiewiczhh@wordpress.org,parent,Female,Christianity,11,D
Alexis Critchard,acritchardhi@baidu.com,parent,Male,Islam,6,D
Kacie Sheron,ksheronhj@ted.com,student,Female,Christianity,8,B
Orin Ellingworth,oellingworthhk@shop-pro.jp,student,Male,Christianity,6,D
Theda Iacopetti,tiacopettihl@squarespace.com,admin,Female,Christianity,4,B
Kordula Scorer,kscorerhm@europa.eu,student,Female,Christianity,10,C
Audi Tomaselli,atomasellihn@go.com,parent,Non-binary,Islam,8,B
Ximenes Oldis,xoldisho@etsy.com,admin,Male,Islam,9,A
Derick Marcam,dmarcamhp@nydailynews.com,admin,Male,Islam,5,B
Jeno Braney,jbraneyhq@usgs.gov,teacher,Male,Christianity,10,D
Bibi McCool,bmccoolhr@ustream.tv,teacher,Female,Islam,8,B
Archibald Reek,areekhs@tinyurl.com,parent,Male,Christianity,4,A
Nicol Giuroni,ngiuroniht@vkontakte.ru,admin,Male,Christianity,12,C
Cora Abby,cabbyhu@purevolume.com,student,Female,Islam,10,A
Laura Machen,lmachenhv@hp.com,admin,Female,Islam,1,C
Killy Bletso,kbletsohw@myspace.com,student,Male,Christianity,10,D
Sibeal Alldread,salldreadhx@soup.io,teacher,Agender,Christianity,10,D
Kirsten Shakesby,kshakesbyhy@rakuten.co.jp,admin,Female,Christianity,5,B
Jarrod Iley,jileyhz@springer.com,admin,Male,Islam,9,B
Sauveur Maffioni,smaffionii0@gmpg.org,admin,Male,Islam,2,A
Dolorita Dillamore,ddillamorei1@wikispaces.com,teacher,Female,Christianity,11,B
Halimeda Atmore,hatmorei2@dell.com,teacher,Female,Christianity,1,B
Carilyn Bowfin,cbowfini3@spotify.com,student,Female,Islam,5,A
Angie Edgett,aedgetti4@ca.gov,student,Female,Christianity,11,D
Philippa Krauze,pkrauzei5@storify.com,parent,Female,Christianity,2,C
Imojean Acomb,iacombi6@netlog.com,student,Female,Christianity,7,A
Joyous Cann,jcanni7@nydailynews.com,teacher,Female,Islam,4,D
Miguel De Cleyne,mdei8@ed.gov,parent,Male,Islam,12,A
Archy Leverette,aleverettei9@blog.com,teacher,Male,Islam,8,C
Mickie Schulz,mschulzia@privacy.gov.au,admin,Female,Islam,8,B
Sile Blackley,sblackleyib@wordpress.org,admin,Female,Christianity,2,B
Malva O'Luney,moluneyic@samsung.com,admin,Female,Islam,6,C
Sena Skelcher,sskelcherid@sakura.ne.jp,admin,Female,Islam,9,D
Griffie Huett,ghuettie@163.com,parent,Male,Islam,10,D
Dolph Girkins,dgirkinsif@behance.net,teacher,Male,Christianity,10,D
Ev Keith,ekeithig@soundcloud.com,student,Male,Christianity,7,D
Dee Lynnett,dlynnettih@drupal.org,parent,Female,Islam,7,D
Ferdie Meacher,fmeacherii@cbsnews.com,parent,Male,Islam,6,D
Cecilius MacArte,cmacarteij@tiny.cc,parent,Male,Islam,4,C
Melisenda Perring,mperringik@unc.edu,admin,Female,Islam,4,B
Pavla Blondin,pblondinil@ehow.com,student,Female,Islam,11,D
Martino Clubbe,mclubbeim@wiley.com,student,Male,Christianity,4,B
Dionisio Moxham,dmoxhamin@va.gov,student,Male,Christianity,2,A
Constantino Fairholme,cfairholmeio@drupal.org,teacher,Male,Christianity,1,D
Ase Puttnam,aputtnamip@cdbaby.com,teacher,Male,Islam,2,C
Marissa Gifkins,mgifkinsiq@artisteer.com,student,Female,Islam,5,D
Hermy Madill,hmadillir@rakuten.co.jp,teacher,Male,Christianity,11,D
Lorant Murt,lmurtis@mtv.com,parent,Male,Christianity,9,D
Benedikta Kowal,bkowalit@bluehost.com,student,Female,Islam,8,C
Kelly Loines,kloinesiu@netlog.com,teacher,Male,Christianity,11,B
Arlene Selbach,aselbachiv@discuz.net,parent,Female,Christianity,9,A
Willis Ambroise,wambroiseiw@fda.gov,teacher,Male,Islam,2,B
Roxanna Rocca,rroccaix@globo.com,parent,Female,Christianity,7,A
Malcolm Watmore,mwatmoreiy@linkedin.com,parent,Male,Islam,8,B
Bernarr Beech,bbeechiz@vk.com,teacher,Male,Christianity,8,D
Tanny Trainor,ttrainorj0@cafepress.com,student,Male,Christianity,7,B
Aluino Cayzer,acayzerj1@nydailynews.com,student,Male,Christianity,6,A
Jud Rubury,jruburyj2@joomla.org,admin,Male,Islam,12,B
Karisa Wilkennson,kwilkennsonj3@shop-pro.jp,student,Female,Islam,2,C
Kellen Wilby,kwilbyj4@cyberchimps.com,parent,Male,Islam,3,C
Meade Foker,mfokerj5@elpais.com,teacher,Female,Islam,1,A
Kora Tissier,ktissierj6@aboutads.info,parent,Female,Islam,4,B
Bat Bovey,bboveyj7@marriott.com,teacher,Male,Islam,1,A
Augustina Hankard,ahankardj8@phpbb.com,student,Female,Islam,9,D
Gabriello Cardenoza,gcardenozaj9@state.tx.us,parent,Male,Christianity,11,C
Kort MacCart,kmaccartja@ed.gov,parent,Male,Islam,10,A
Findlay Treske,ftreskejb@nifty.com,teacher,Male,Islam,6,D
Jermaine Ends,jendsjc@storify.com,teacher,Male,Christianity,12,D
Isiahi Wallice,iwallicejd@lycos.com,parent,Male,Christianity,4,C
Devinne Carrol,dcarrolje@hexun.com,parent,Female,Islam,2,A
Armstrong Schubbert,aschubbertjf@dot.gov,parent,Male,Islam,2,A
Chloris Fills,cfillsjg@flickr.com,parent,Female,Islam,8,D
Truda Gilbanks,tgilbanksjh@cbslocal.com,admin,Female,Islam,10,D
Reinald Crumly,rcrumlyji@va.gov,admin,Male,Islam,9,A
Wyn Loweth,wlowethjj@si.edu,teacher,Male,Islam,11,D
Ulrich Beernaert,ubeernaertjk@reverbnation.com,admin,Male,Islam,12,D
Alidia Redihalgh,aredihalghjl@drupal.org,student,Polygender,Christianity,6,C
Joyan Abramsky,jabramskyjm@instagram.com,teacher,Female,Islam,3,C
Pierson Dellar,pdellarjn@usnews.com,parent,Male,Christianity,9,C
Weber Cumming,wcummingjo@google.com,student,Male,Christianity,4,B
Klaus Gildersleaves,kgildersleavesjp@mtv.com,admin,Male,Christianity,4,D
Helga Bradbrook,hbradbrookjq@csmonitor.com,parent,Female,Islam,9,D
Gerladina Dickie,gdickiejr@so-net.ne.jp,admin,Female,Christianity,1,D
Katalin Beadel,kbeadeljs@reference.com,admin,Female,Christianity,9,D
Osmond Maha,omahajt@uol.com.br,admin,Non-binary,Christianity,12,A
Chrysa McCallam,cmccallamju@ezinearticles.com,parent,Genderfluid,Islam,6,A
Benita Vahey,bvaheyjv@unblog.fr,parent,Female,Islam,3,A
Herschel Mannering,hmanneringjw@accuweather.com,student,Male,Islam,8,A
Tristam Lynds,tlyndsjx@nature.com,admin,Male,Christianity,6,B
Juanita Dealtry,jdealtryjy@hugedomains.com,student,Female,Christianity,11,D
Griselda Newitt,gnewittjz@typepad.com,student,Female,Christianity,2,B
Stanly Proswell,sproswellk0@xing.com,admin,Male,Islam,12,C
Flori Ehrat,fehratk1@foxnews.com,teacher,Female,Islam,4,B
Almeria Rootham,aroothamk2@dailymail.co.uk,admin,Genderfluid,Islam,10,B
Cyndia Klampk,cklampkk3@skyrock.com,student,Female,Christianity,8,B
Ashby Everingham,aeveringhamk4@amazon.de,admin,Male,Christianity,11,C
Vonny Weld,vweldk5@chronoengine.com,parent,Female,Christianity,9,C
Nikola Senn,nsennk6@usnews.com,student,Male,Christianity,9,C
Ania Brimmell,abrimmellk7@indiegogo.com,student,Female,Christianity,1,A
Elia Hanks,ehanksk8@hc360.com,teacher,Male,Christianity,3,B
Foss McClaurie,fmcclauriek9@mit.edu,student,Bigender,Christianity,7,A
Warren Iowarch,wiowarchka@google.ru,student,Male,Christianity,6,D
Arlene Shimuk,ashimukkb@dell.com,admin,Female,Christianity,1,B
Rourke Attrey,rattreykc@yale.edu,admin,Male,Islam,12,B
Giuseppe Caunt,gcauntkd@yelp.com,parent,Male,Islam,12,A
Danie Cominetti,dcominettike@chron.com,teacher,Male,Christianity,3,C
Matthew Eplate,meplatekf@dyndns.org,admin,Male,Christianity,12,D
Regine Baldocci,rbaldoccikg@google.com,teacher,Female,Islam,2,B
Saloma Simms,ssimmskh@cbsnews.com,student,Genderqueer,Christianity,10,A
Bel Zienkiewicz,bzienkiewiczki@nydailynews.com,teacher,Female,Islam,4,D
Nicoli Acey,naceykj@umich.edu,admin,Female,Christianity,10,A
Fredra Prys,fpryskk@yahoo.co.jp,admin,Female,Christianity,10,C
Stern Tejero,stejerokl@pcworld.com,admin,Male,Christianity,5,C
Stefania Ludwikiewicz,sludwikiewiczkm@discovery.com,parent,Female,Islam,1,A
Lammond Reyne,lreynekn@fastcompany.com,student,Male,Islam,5,B
Bertina Hooban,bhoobanko@squarespace.com,teacher,Female,Islam,6,B
Dori Lomax,dlomaxkp@wufoo.com,admin,Female,Islam,11,A
Maddalena Prahl,mprahlkq@noaa.gov,student,Female,Christianity,12,C
Zed Antony,zantonykr@booking.com,admin,Male,Christianity,11,A
Neilla Issacof,nissacofks@cyberchimps.com,parent,Female,Christianity,5,A
Keven Craggs,kcraggskt@mit.edu,admin,Male,Islam,5,C
Nappy Marrow,nmarrowku@fotki.com,parent,Male,Christianity,6,D
Woody Maciocia,wmaciociakv@cocolog-nifty.com,admin,Male,Christianity,3,D
Myra De Bruyne,mdekw@abc.net.au,admin,Female,Christianity,2,D
Tobie Blinman,tblinmankx@bloomberg.com,admin,Male,Islam,6,D
Valera Instone,vinstoneky@networkadvertising.org,parent,Female,Christianity,7,D
Ilyssa Yapp,iyappkz@ibm.com,parent,Female,Christianity,4,D
Salmon Dempster,sdempsterl0@amazon.co.uk,student,Male,Christianity,11,B
Nita Wordsworth,nwordsworthl1@list-manage.com,student,Female,Christianity,1,C
Clifford Leopard,cleopardl2@e-recht24.de,admin,Male,Christianity,1,C
Daisie Prowting,dprowtingl3@digg.com,teacher,Female,Islam,12,A
Joete Odde,joddel4@chronoengine.com,admin,Female,Christianity,8,A
Cash Chessum,cchessuml5@istockphoto.com,admin,Non-binary,Christianity,4,D
Filberto Towner,ftownerl6@plala.or.jp,teacher,Male,Islam,4,A
Sallyanne Blampy,sblampyl7@kickstarter.com,student,Female,Islam,8,A
Ives Fosten,ifostenl8@tinyurl.com,student,Male,Islam,2,C
Haily Farrington,hfarringtonl9@barnesandnoble.com,admin,Male,Islam,1,B
Clarabelle Robertz,crobertzla@bigcartel.com,student,Female,Christianity,11,A
Lisette Dilawey,ldilaweylb@unblog.fr,admin,Female,Christianity,4,B
Kaylee Westcott,kwestcottlc@java.com,parent,Female,Islam,2,A
Giselle Braunthal,gbraunthalld@chron.com,teacher,Female,Christianity,5,D
Madison Lomansey,mlomanseyle@free.fr,teacher,Male,Christianity,1,D
Marjorie Raggett,mraggettlf@sitemeter.com,teacher,Female,Christianity,7,C
Kenn Friedman,kfriedmanlg@wix.com,admin,Male,Christianity,7,D
Lyssa Frankland,lfranklandlh@go.com,admin,Female,Islam,5,C
Cob Blaxall,cblaxallli@pinterest.com,parent,Male,Islam,1,A
Fancie Wilshaw,fwilshawlj@tripod.com,student,Female,Islam,8,B
Nancey Islip,nisliplk@buzzfeed.com,teacher,Female,Islam,11,C
Wilmette Mertel,wmertelll@fotki.com,teacher,Female,Islam,11,D
Waldemar Mamwell,wmamwelllm@auda.org.au,admin,Male,Islam,1,A
Dean Glandfield,dglandfieldln@booking.com,teacher,Male,Christianity,4,B
Max Gunn,mgunnlo@admin.ch,admin,Male,Islam,5,C
Theobald Blennerhassett,tblennerhassettlp@privacy.gov.au,teacher,Male,Islam,9,A
Orly Torricella,otorricellalq@microsoft.com,student,Female,Christianity,11,C
Seana Chinnock,schinnocklr@vk.com,teacher,Polygender,Christianity,9,B
Kellsie Fitton,kfittonls@google.com.au,parent,Female,Islam,9,A
Jason Drennan,jdrennanlt@nasa.gov,admin,Male,Christianity,6,A
Donalt Tole,dtolelu@jigsy.com,student,Male,Islam,4,C
Karena Aylott,kaylottlv@istockphoto.com,parent,Female,Islam,5,A
Teodoor Ekkel,tekkellw@e-recht24.de,student,Agender,Christianity,7,B
Chicky Colkett,ccolkettlx@nba.com,student,Female,Islam,2,A
Ibby McKinn,imckinnly@parallels.com,admin,Polygender,Christianity,11,C
Jeana Crunden,jcrundenlz@microsoft.com,student,Female,Christianity,7,D
Lowe Garnar,lgarnarm0@zdnet.com,admin,Male,Islam,10,C
Ingram Hasloch,ihaslochm1@smh.com.au,parent,Male,Christianity,12,D
Rand Berthod,rberthodm2@geocities.jp,parent,Male,Islam,8,C
Lanna Rivenzon,lrivenzonm3@ihg.com,teacher,Female,Islam,6,C
Inger Corn,icornm4@sourceforge.net,parent,Female,Christianity,5,B
Christoper Basden,cbasdenm5@usa.gov,admin,Male,Christianity,9,C
Betsy Habbema,bhabbemam6@cnbc.com,teacher,Female,Christianity,12,D
Kali Corrett,kcorrettm7@infoseek.co.jp,parent,Female,Islam,6,D
Aviva Gligorijevic,agligorijevicm8@cnet.com,parent,Female,Christianity,10,A
Zach Seward,zsewardm9@deviantart.com,student,Male,Christianity,5,D
Osbert Crann,ocrannma@wix.com,teacher,Male,Islam,8,C
Maurice Pawlyn,mpawlynmb@drupal.org,teacher,Male,Islam,1,C
Hannis Hamsley,hhamsleymc@netlog.com,parent,Female,Islam,8,C
Laural Blofeld,lblofeldmd@wikispaces.com,admin,Female,Islam,2,C
Dorris Bignell,dbignellme@devhub.com,student,Female,Christianity,9,D
Therine Boorman,tboormanmf@tinyurl.com,teacher,Female,Islam,4,D
Alaric Froom,afroommg@t-online.de,admin,Male,Islam,2,B
Nanny Perrelli,nperrellimh@ed.gov,teacher,Female,Christianity,11,B
Addia Lorking,alorkingmi@storify.com,student,Female,Christianity,3,D
Donella Braithwait,dbraithwaitmj@t-online.de,admin,Female,Islam,7,D
Brear Di Domenico,bdimk@ycombinator.com,admin,Non-binary,Christianity,10,D
Garwin Chipps,gchippsml@ameblo.jp,teacher,Polygender,Christianity,6,A
Jeffie Rintoul,jrintoulmm@networksolutions.com,admin,Male,Christianity,2,D
Olin Honywill,ohonywillmn@instagram.com,student,Male,Islam,5,B
Salmon Paybody,spaybodymo@google.cn,admin,Male,Islam,11,D
Jorge Paterno,jpaternomp@surveymonkey.com,teacher,Male,Christianity,10,C
Atlante Cattemull,acattemullmq@usnews.com,teacher,Female,Islam,11,B
Rogers Snellman,rsnellmanmr@e-recht24.de,parent,Male,Islam,8,D
Shirlene Dumphrey,sdumphreyms@hugedomains.com,teacher,Female,Christianity,9,A
Mitchell Stiebler,mstieblermt@last.fm,parent,Male,Christianity,12,B
Benji Scroggs,bscroggsmu@skyrock.com,admin,Male,Christianity,1,D
Adeline Skalls,askallsmv@google.co.jp,parent,Female,Islam,6,C
Andonis Goodredge,agoodredgemw@github.io,student,Male,Islam,2,A
Adelaide Benardet,abenardetmx@drupal.org,parent,Female,Islam,3,A
Corabelle Sommerling,csommerlingmy@mysql.com,teacher,Female,Christianity,2,C
Faith Sargant,fsargantmz@imgur.com,teacher,Female,Islam,6,D
Ardene Corbould,acorbouldn0@reference.com,student,Female,Islam,9,B
Homere Gabe,hgaben1@ow.ly,admin,Male,Islam,1,D
Reidar Shaw,rshawn2@telegraph.co.uk,admin,Male,Christianity,2,A
Kenon Bristo,kbriston3@delicious.com,student,Male,Christianity,7,B
Guy Jonke,gjonken4@tamu.edu,student,Genderfluid,Christianity,1,B
Deerdre Couroy,dcouroyn5@cbc.ca,student,Female,Islam,1,C
Ethan Saunders,esaundersn6@ucoz.com,parent,Male,Christianity,1,B
Witty Van Halen,wvann7@nationalgeographic.com,admin,Male,Islam,12,A
Colman Fludder,cfluddern8@indiatimes.com,parent,Male,Christianity,12,B
Constantine Rushmere,crushmeren9@fc2.com,parent,Female,Christianity,2,C
Kayne Allone,kallonena@usgs.gov,admin,Male,Islam,1,D
Aila Hurdle,ahurdlenb@cyberchimps.com,parent,Female,Islam,12,B
Casar Biever,cbievernc@lulu.com,admin,Agender,Islam,3,A
Lynde Deer,ldeernd@discuz.net,parent,Female,Christianity,9,A
Gizela Juppe,gjuppene@shinystat.com,teacher,Female,Islam,3,B
Zulema Dulson,zdulsonnf@google.nl,admin,Female,Islam,7,B
Aluin Tamas,atamasng@cocolog-nifty.com,admin,Male,Islam,10,D
Martainn Newbigging,mnewbiggingnh@123-reg.co.uk,teacher,Polygender,Islam,4,B
Selina Thornebarrow,sthornebarrowni@wikipedia.org,student,Female,Islam,4,A
Ranee Padden,rpaddennj@oracle.com,student,Female,Islam,3,D
Annecorinne Jobke,ajobkenk@businesswire.com,student,Female,Christianity,1,B
Jeremie Ovill,jovillnl@shinystat.com,admin,Male,Islam,7,D
Horst Hearn,hhearnnm@geocities.jp,student,Male,Christianity,4,C
Gregg Beadel,gbeadelnn@scientificamerican.com,teacher,Male,Islam,5,D
Sergei Wooffitt,swooffittno@wp.com,admin,Male,Christianity,12,D
Jerome Parriss,jparrissnp@example.com,admin,Male,Christianity,9,A
Allister Surcomb,asurcombnq@t.co,student,Male,Islam,3,B
Dorie Bromilow,dbromilownr@over-blog.com,student,Female,Christianity,8,B
Novelia Suttell,nsuttellns@nytimes.com,teacher,Non-binary,Islam,11,C
Nanon Olyfat,nolyfatnt@deviantart.com,admin,Female,Christianity,5,B
Susanna Plaunch,splaunchnu@feedburner.com,student,Female,Christianity,8,C
Elvira Baise,ebaisenv@buzzfeed.com,parent,Female,Christianity,1,C
Carley Thalmann,cthalmannnw@wikimedia.org,student,Female,Christianity,5,B
Stephine Kennefick,skenneficknx@newyorker.com,admin,Female,Christianity,5,B
Ash Klimaszewski,aklimaszewskiny@sbwire.com,parent,Male,Christianity,1,A
Cherry Dalloway,cdallowaynz@fema.gov,teacher,Female,Islam,4,A
Weidar Olivo,wolivoo0@toplist.cz,admin,Male,Christianity,2,A
Cherianne Stodhart,cstodharto1@parallels.com,student,Female,Christianity,9,D
Lynne Swaine,lswaineo2@constantcontact.com,admin,Female,Islam,10,B
Nady Jaggs,njaggso3@yandex.ru,admin,Female,Islam,9,C
Milka Driscoll,mdriscollo4@java.com,teacher,Female,Christianity,3,D
Vlad Davidsen,vdavidseno5@mysql.com,parent,Male,Christianity,6,D
Carver Godfray,cgodfrayo6@1und1.de,student,Male,Christianity,3,A
Harry Kobu,hkobuo7@netscape.com,student,Male,Islam,12,B
Webb Raitie,wraitieo8@netlog.com,parent,Male,Islam,9,A
Jane Nore,jnoreo9@umn.edu,student,Female,Christianity,10,B
Joshia Brokenshaw,jbrokenshawoa@ning.com,parent,Male,Islam,9,A
Myrna Surcombe,msurcombeob@wordpress.com,parent,Female,Islam,7,A
Harlan Surgeon,hsurgeonoc@indiegogo.com,parent,Male,Christianity,12,C
Broddie Kief,bkiefod@time.com,student,Male,Christianity,9,B
Shirleen Waddup,swaddupoe@360.cn,admin,Female,Christianity,11,D
Ondrea Gartery,ogarteryof@bluehost.com,admin,Female,Christianity,5,C
Tommie Skipping,tskippingog@ted.com,teacher,Female,Christianity,12,C
Ricky Breakey,rbreakeyoh@vistaprint.com,parent,Female,Christianity,3,C
Forrest Paulat,fpaulatoi@google.com,parent,Male,Islam,9,A
Sibilla Ferschke,sferschkeoj@comsenz.com,parent,Female,Christianity,11,B
Cornie Dybbe,cdybbeok@51.la,teacher,Female,Islam,3,D
Sebastien Dancey,sdanceyol@constantcontact.com,parent,Male,Islam,5,A
Goddard Sprosson,gsprossonom@gmpg.org,parent,Male,Christianity,12,B
Dasya Gynne,dgynneon@baidu.com,parent,Female,Christianity,9,C
Joycelin Golde,jgoldeoo@clickbank.net,parent,Genderfluid,Christianity,5,B
Carmella Vezey,cvezeyop@bloglines.com,teacher,Non-binary,Islam,11,B
Winne Dot,wdotoq@weebly.com,parent,Female,Christianity,4,A
Joya Ensten,jenstenor@dell.com,parent,Female,Islam,4,D
Diane-marie Papis,dpapisos@constantcontact.com,parent,Female,Islam,12,C
Daron Chomley,dchomleyot@utexas.edu,teacher,Male,Christianity,4,D
Lynette Bradbeer,lbradbeerou@prweb.com,student,Female,Islam,11,A
Cassandra Lydiard,clydiardov@nps.gov,teacher,Female,Christianity,11,C
Salomi Blundin,sblundinow@unesco.org,teacher,Female,Islam,12,D
Barny Peyes,bpeyesox@intel.com,parent,Male,Islam,9,D
Ernestus Yoakley,eyoakleyoy@ca.gov,student,Male,Islam,10,A
Veronique Mullin,vmullinoz@ehow.com,student,Polygender,Islam,1,A
Benson Snazle,bsnazlep0@cbslocal.com,admin,Male,Christianity,9,C
Aloysia Ferruzzi,aferruzzip1@cbslocal.com,parent,Female,Islam,7,B
Casandra Jeske,cjeskep2@gmpg.org,teacher,Female,Christianity,6,A
Thane Felix,tfelixp3@list-manage.com,student,Male,Christianity,11,A
Kennith Juckes,kjuckesp4@gov.uk,parent,Male,Islam,8,D
Cymbre Hounsham,chounshamp5@free.fr,student,Female,Christianity,12,D
Sibylle Micco,smiccop6@hp.com,teacher,Female,Islam,4,D
Andy Winslow,awinslowp7@loc.gov,parent,Female,Islam,4,C
Kincaid Ibel,kibelp8@opensource.org,student,Male,Christianity,8,C
Parnell Trevethan,ptrevethanp9@cyberchimps.com,teacher,Male,Christianity,10,B
Coleen Starte,cstartepa@ezinearticles.com,parent,Female,Christianity,11,B
Huntington Pimm,hpimmpb@google.fr,admin,Male,Christianity,5,C
Selig Gonoude,sgonoudepc@wikimedia.org,student,Male,Islam,7,D
Edin Lemin,eleminpd@reference.com,teacher,Female,Christianity,10,D
Ricard Oswell,roswellpe@zdnet.com,admin,Male,Christianity,6,D
Barn Lowthian,blowthianpf@un.org,parent,Male,Christianity,1,D
Petronia Blackborn,pblackbornpg@earthlink.net,student,Female,Islam,4,A
Daisy Sinnat,dsinnatph@themeforest.net,teacher,Female,Islam,6,D
Mag Farrin,mfarrinpi@cbsnews.com,teacher,Genderqueer,Christianity,10,C
Gabriel Lenaghen,glenaghenpj@imgur.com,parent,Female,Christianity,4,B
Wes Van Dijk,wvanpk@canalblog.com,teacher,Male,Christianity,4,B
Hercules Dymocke,hdymockepl@instagram.com,parent,Male,Islam,4,A
Erek Rubinowitsch,erubinowitschpm@cbslocal.com,teacher,Male,Christianity,2,B
Fidel Smees,fsmeespn@odnoklassniki.ru,teacher,Male,Christianity,1,B
Bradley McCard,bmccardpo@parallels.com,parent,Male,Islam,1,D
Oliviero Pietruszka,opietruszkapp@constantcontact.com,parent,Bigender,Islam,9,D
Griswold Petrov,gpetrovpq@independent.co.uk,admin,Male,Christianity,11,B
Humfrid MacAne,hmacanepr@nymag.com,teacher,Male,Christianity,3,C
Helge Gimbrett,hgimbrettps@t-online.de,admin,Female,Islam,10,C
Fenelia Leathwood,fleathwoodpt@prlog.org,admin,Female,Christianity,10,B
Kev Culkin,kculkinpu@admin.ch,admin,Male,Christianity,4,B
Corny Mathewes,cmathewespv@dailymail.co.uk,student,Male,Christianity,7,D
Tobye Lequeux,tlequeuxpw@wordpress.com,parent,Female,Islam,7,C
Benedetto Coney,bconeypx@indiatimes.com,student,Male,Christianity,12,D
Bunnie Legen,blegenpy@columbia.edu,student,Female,Christianity,3,C
Dionne Seine,dseinepz@webeden.co.uk,teacher,Female,Islam,5,A
Natalya Biernacki,nbiernackiq0@twitter.com,teacher,Female,Christianity,6,A
Anatol Critchard,acritchardq1@technorati.com,admin,Male,Islam,7,D
Dianna Laphorn,dlaphornq2@icio.us,parent,Genderqueer,Islam,6,A
Reinwald Swires,rswiresq3@pinterest.com,teacher,Male,Islam,9,A
Bron Le Fleming,bleq4@ft.com,admin,Male,Christianity,3,C
Sandye Carrabot,scarrabotq5@github.io,student,Female,Christianity,8,D
Olympe Peidro,opeidroq6@so-net.ne.jp,teacher,Female,Christianity,5,A
Nonah Tinline,ntinlineq7@ca.gov,student,Female,Islam,8,C
Gwendolen Samart,gsamartq8@ning.com,teacher,Female,Christianity,5,D
Andrew Auchinleck,aauchinleckq9@yelp.com,student,Male,Islam,7,A
Lauritz Mullis,lmullisqa@free.fr,teacher,Male,Islam,5,C
Catie Heaton,cheatonqb@businessinsider.com,teacher,Female,Islam,8,D
Allyce Wharrier,awharrierqc@list-manage.com,teacher,Female,Islam,6,B
Ferdy Brankley,fbrankleyqd@indiatimes.com,parent,Male,Christianity,2,B
Madelyn Jacob,mjacobqe@behance.net,admin,Female,Islam,5,B
Pernell Batiste,pbatisteqf@ocn.ne.jp,student,Male,Islam,12,A
Leland Ruddiman,lruddimanqg@squarespace.com,student,Male,Christianity,4,A
Saw Okeshott,sokeshottqh@eepurl.com,teacher,Male,Islam,11,A
Godfry Biagioni,gbiagioniqi@trellian.com,admin,Male,Christianity,9,D
Barnie Peidro,bpeidroqj@twitter.com,student,Male,Christianity,9,A
Broddy Goodlad,bgoodladqk@pinterest.com,admin,Male,Christianity,4,D
Martita Rymour,mrymourql@auda.org.au,teacher,Female,Islam,2,C
Blancha Chevis,bchevisqm@bandcamp.com,student,Female,Islam,8,B
Hilde Plues,hpluesqn@jugem.jp,student,Female,Islam,9,A
Joela Gehrtz,jgehrtzqo@ihg.com,teacher,Female,Islam,9,A
Dehlia Rymill,drymillqp@t-online.de,student,Female,Christianity,9,C
Desmund Stear,dstearqq@sitemeter.com,admin,Male,Christianity,9,C
Whitaker Cattrall,wcattrallqr@admin.ch,teacher,Male,Christianity,11,A
Izzy Baynon,ibaynonqs@shareasale.com,teacher,Male,Christianity,1,A
Carlo Durran,cdurranqt@loc.gov,parent,Agender,Islam,3,A
Jasmina Buckoke,jbuckokequ@quantcast.com,student,Female,Islam,12,C
Kora De Courtney,kdeqv@opensource.org,student,Female,Islam,2,C
Franny Ecles,feclesqw@mapy.cz,student,Male,Islam,8,C
Fabien O'Regan,foreganqx@apple.com,teacher,Male,Christianity,8,C
Krystyna Marsters,kmarstersqy@google.com.au,teacher,Female,Christianity,7,D
Emelda Bentje,ebentjeqz@sina.com.cn,teacher,Female,Islam,2,A
Wat Ketchen,wketchenr0@mtv.com,admin,Male,Christianity,11,C
Yank Bouzek,ybouzekr1@shareasale.com,teacher,Male,Islam,11,C
Tawnya Frear,tfrearr2@oracle.com,admin,Female,Islam,5,B
Billie Blackburn,bblackburnr3@oakley.com,student,Male,Christianity,1,A
Tawsha Lorne,tlorner4@mail.ru,student,Female,Islam,4,D
Blair Harpur,bharpurr5@friendfeed.com,teacher,Female,Islam,9,A
Antoine Dunphie,adunphier6@mashable.com,teacher,Male,Islam,1,A
Phyllys Jakucewicz,pjakucewiczr7@freewebs.com,admin,Female,Christianity,4,D
Whitaker Simpole,wsimpoler8@free.fr,student,Male,Christianity,2,C
Everard Dandie,edandier9@youtu.be,student,Male,Islam,2,B
Haywood Helder,hhelderra@icio.us,parent,Male,Christianity,4,A
Neda Braddon,nbraddonrb@mtv.com,student,Female,Islam,8,A
Gianna Lanfere,glanfererc@slate.com,student,Female,Islam,11,A
Petr Harbron,pharbronrd@eepurl.com,teacher,Male,Christianity,8,C
Robbin Eatock,reatockre@hugedomains.com,student,Female,Christianity,12,D
Benji Akister,bakisterrf@usatoday.com,admin,Male,Islam,3,D
Edyth Moxted,emoxtedrg@odnoklassniki.ru,teacher,Female,Islam,5,C
Addy Mellor,amellorrh@mozilla.com,parent,Male,Christianity,3,D
Aubrey Cartmael,acartmaelri@gravatar.com,parent,Female,Christianity,6,B
Johnathan Bladge,jbladgerj@state.tx.us,admin,Male,Islam,5,A
Engracia Rolfe,erolferk@psu.edu,teacher,Female,Christianity,2,D
Raimund Truitt,rtruittrl@ow.ly,parent,Male,Islam,6,C
Kath Hawtin,khawtinrm@census.gov,student,Female,Christianity,9,D
Jock Petyankin,jpetyankinrn@godaddy.com,student,Polygender,Christianity,6,C
Iver Woodham,iwoodhamro@tamu.edu,admin,Male,Christianity,4,D
Mariette Baldoni,mbaldonirp@craigslist.org,admin,Female,Christianity,9,C
Warren Harnott,wharnottrq@ebay.co.uk,student,Polygender,Islam,12,C
Abbye Ledur,aledurrr@devhub.com,student,Female,Christianity,12,D
